{"rawGraph":{"nodes":[{"id":"BIGBOX-1","degree":5,"pagerank":0.02409067368967304,"node_id":"BIGBOX-1"},{"id":"2780","degree":5,"pagerank":0.025228532449192195,"node_id":"2780"},{"id":"6141","degree":4,"pagerank":0.017989853767771766,"node_id":"6141"},{"id":"98138","degree":1,"pagerank":0.006792911717496434,"node_id":"98138"},{"id":"3023","degree":16,"pagerank":0.06640295572673939,"node_id":"3023"},{"id":"3020","degree":3,"pagerank":0.014447470138780815,"node_id":"3020"},{"id":"75192-1","degree":5,"pagerank":0.025152033547313213,"node_id":"75192-1"},{"id":"3021","degree":3,"pagerank":0.014744958044717229,"node_id":"3021"},{"id":"15712","degree":1,"pagerank":0.006973485471569818,"node_id":"15712"},{"id":"2412b","degree":2,"pagerank":0.010934168911221362,"node_id":"2412b"},{"id":"71043-1","degree":5,"pagerank":0.021460169099441016,"node_id":"71043-1"},{"id":"3024","degree":9,"pagerank":0.03902670394272511,"node_id":"3024"},{"id":"54200","degree":2,"pagerank":0.010117806056129084,"node_id":"54200"},{"id":"3005","degree":7,"pagerank":0.029137729207594606,"node_id":"3005"},{"id":"10256-1","degree":5,"pagerank":0.022005279912068017,"node_id":"10256-1"},{"id":"2877","degree":2,"pagerank":0.010197228381358024,"node_id":"2877"},{"id":"3062b","degree":2,"pagerank":0.010197228381358024,"node_id":"3062b"},{"id":"10189-1","degree":5,"pagerank":0.022005279912068017,"node_id":"10189-1"},{"id":"SWMP-1","degree":5,"pagerank":0.022318635608931308,"node_id":"SWMP-1"},{"id":"3068b","degree":3,"pagerank":0.014109646936171904,"node_id":"3068b"},{"id":"3710","degree":2,"pagerank":0.010421170829413958,"node_id":"3710"},{"id":"2000409-1","degree":5,"pagerank":0.033486560044604374,"node_id":"2000409-1"},{"id":"4477","degree":1,"pagerank":0.00839061613148262,"node_id":"4477"},{"id":"4495b","degree":1,"pagerank":0.00839061613148262,"node_id":"4495b"},{"id":"3005pr0003","degree":1,"pagerank":0.00839061613148262,"node_id":"3005pr0003"},{"id":"3010","degree":2,"pagerank":0.012297232197923773,"node_id":"3010"},{"id":"3004","degree":4,"pagerank":0.020148607197103884,"node_id":"3004"},{"id":"10179-1","degree":5,"pagerank":0.023004825514017314,"node_id":"10179-1"},{"id":"70620-1","degree":5,"pagerank":0.02347634331061369,"node_id":"70620-1"},{"id":"3069b","degree":5,"pagerank":0.021831031533742124,"node_id":"3069b"},{"id":"3622","degree":1,"pagerank":0.00668823063095691,"node_id":"3622"},{"id":"75252-1","degree":5,"pagerank":0.023186134397608853,"node_id":"75252-1"},{"id":"15573","degree":3,"pagerank":0.013914756264915491,"node_id":"15573"},{"id":"6558","degree":3,"pagerank":0.01685020478056757,"node_id":"6558"},{"id":"75827-1","degree":5,"pagerank":0.022869529228785712,"node_id":"75827-1"},{"id":"40179-1","degree":3,"pagerank":0.0210177300829048,"node_id":"40179-1"},{"id":"4186","degree":1,"pagerank":0.008651660403267852,"node_id":"4186"},{"id":"96874","degree":1,"pagerank":0.008651660403267852,"node_id":"96874"},{"id":"10214-1","degree":5,"pagerank":0.02208257935985865,"node_id":"10214-1"},{"id":"3666","degree":2,"pagerank":0.010458680751709536,"node_id":"3666"},{"id":"10253-1","degree":5,"pagerank":0.023465829739289953,"node_id":"10253-1"},{"id":"32028","degree":1,"pagerank":0.006686196270874637,"node_id":"32028"},{"id":"10261-1","degree":5,"pagerank":0.032900268870961785,"node_id":"10261-1"},{"id":"87580","degree":1,"pagerank":0.008291409669360685,"node_id":"87580"},{"id":"92280","degree":1,"pagerank":0.008291409669360685,"node_id":"92280"},{"id":"14696","degree":1,"pagerank":0.008291409669360685,"node_id":"14696"},{"id":"3941","degree":2,"pagerank":0.013291895561044226,"node_id":"3941"},{"id":"42100-1","degree":5,"pagerank":0.029296702591458543,"node_id":"42100-1"},{"id":"11214","degree":1,"pagerank":0.007679057320254973,"node_id":"11214"},{"id":"43093","degree":2,"pagerank":0.012889521340916029,"node_id":"43093"},{"id":"71040-1","degree":5,"pagerank":0.02158673540032362,"node_id":"71040-1"},{"id":"42082-1","degree":5,"pagerank":0.03053157786983928,"node_id":"42082-1"},{"id":"32054","degree":1,"pagerank":0.007889035449232487,"node_id":"32054"},{"id":"32140","degree":1,"pagerank":0.007889035449232487,"node_id":"32140"},{"id":"75159-1","degree":5,"pagerank":0.022487668974792246,"node_id":"75159-1"},{"id":"10255-1","degree":5,"pagerank":0.020990709925667168,"node_id":"10255-1"}],"edges":[{"source_id":"BIGBOX-1","target_id":"2780"},{"source_id":"2780","target_id":"BIGBOX-1"},{"source_id":"BIGBOX-1","target_id":"6141"},{"source_id":"6141","target_id":"BIGBOX-1"},{"source_id":"BIGBOX-1","target_id":"98138"},{"source_id":"98138","target_id":"BIGBOX-1"},{"source_id":"BIGBOX-1","target_id":"3023"},{"source_id":"3023","target_id":"BIGBOX-1"},{"source_id":"BIGBOX-1","target_id":"3020"},{"source_id":"3020","target_id":"BIGBOX-1"},{"source_id":"75192-1","target_id":"2780"},{"source_id":"2780","target_id":"75192-1"},{"source_id":"75192-1","target_id":"3021"},{"source_id":"3021","target_id":"75192-1"},{"source_id":"75192-1","target_id":"3023"},{"source_id":"3023","target_id":"75192-1"},{"source_id":"75192-1","target_id":"15712"},{"source_id":"15712","target_id":"75192-1"},{"source_id":"75192-1","target_id":"2412b"},{"source_id":"2412b","target_id":"75192-1"},{"source_id":"71043-1","target_id":"3024"},{"source_id":"3024","target_id":"71043-1"},{"source_id":"71043-1","target_id":"6141"},{"source_id":"6141","target_id":"71043-1"},{"source_id":"71043-1","target_id":"3023"},{"source_id":"3023","target_id":"71043-1"},{"source_id":"71043-1","target_id":"54200"},{"source_id":"54200","target_id":"71043-1"},{"source_id":"71043-1","target_id":"3005"},{"source_id":"3005","target_id":"71043-1"},{"source_id":"10256-1","target_id":"2877"},{"source_id":"2877","target_id":"10256-1"},{"source_id":"10256-1","target_id":"3024"},{"source_id":"3024","target_id":"10256-1"},{"source_id":"10256-1","target_id":"3023"},{"source_id":"3023","target_id":"10256-1"},{"source_id":"10256-1","target_id":"3005"},{"source_id":"3005","target_id":"10256-1"},{"source_id":"10256-1","target_id":"3062b"},{"source_id":"3062b","target_id":"10256-1"},{"source_id":"10189-1","target_id":"2877"},{"source_id":"2877","target_id":"10189-1"},{"source_id":"10189-1","target_id":"3024"},{"source_id":"3024","target_id":"10189-1"},{"source_id":"10189-1","target_id":"3023"},{"source_id":"3023","target_id":"10189-1"},{"source_id":"10189-1","target_id":"3005"},{"source_id":"3005","target_id":"10189-1"},{"source_id":"10189-1","target_id":"3062b"},{"source_id":"3062b","target_id":"10189-1"},{"source_id":"SWMP-1","target_id":"3024"},{"source_id":"3024","target_id":"SWMP-1"},{"source_id":"SWMP-1","target_id":"3068b"},{"source_id":"3068b","target_id":"SWMP-1"},{"source_id":"SWMP-1","target_id":"3023"},{"source_id":"3023","target_id":"SWMP-1"},{"source_id":"SWMP-1","target_id":"3710"},{"source_id":"3710","target_id":"SWMP-1"},{"source_id":"SWMP-1","target_id":"3020"},{"source_id":"3020","target_id":"SWMP-1"},{"source_id":"2000409-1","target_id":"4477"},{"source_id":"4477","target_id":"2000409-1"},{"source_id":"2000409-1","target_id":"4495b"},{"source_id":"4495b","target_id":"2000409-1"},{"source_id":"2000409-1","target_id":"3005pr0003"},{"source_id":"3005pr0003","target_id":"2000409-1"},{"source_id":"2000409-1","target_id":"3010"},{"source_id":"3010","target_id":"2000409-1"},{"source_id":"2000409-1","target_id":"3004"},{"source_id":"3004","target_id":"2000409-1"},{"source_id":"10179-1","target_id":"2780"},{"source_id":"2780","target_id":"10179-1"},{"source_id":"10179-1","target_id":"3068b"},{"source_id":"3068b","target_id":"10179-1"},{"source_id":"10179-1","target_id":"3021"},{"source_id":"3021","target_id":"10179-1"},{"source_id":"10179-1","target_id":"3023"},{"source_id":"3023","target_id":"10179-1"},{"source_id":"10179-1","target_id":"3710"},{"source_id":"3710","target_id":"10179-1"},{"source_id":"70620-1","target_id":"3069b"},{"source_id":"3069b","target_id":"70620-1"},{"source_id":"70620-1","target_id":"3024"},{"source_id":"3024","target_id":"70620-1"},{"source_id":"70620-1","target_id":"3622"},{"source_id":"3622","target_id":"70620-1"},{"source_id":"70620-1","target_id":"3023"},{"source_id":"3023","target_id":"70620-1"},{"source_id":"70620-1","target_id":"3004"},{"source_id":"3004","target_id":"70620-1"},{"source_id":"75252-1","target_id":"3069b"},{"source_id":"3069b","target_id":"75252-1"},{"source_id":"75252-1","target_id":"15573"},{"source_id":"15573","target_id":"75252-1"},{"source_id":"75252-1","target_id":"6558"},{"source_id":"6558","target_id":"75252-1"},{"source_id":"75252-1","target_id":"3023"},{"source_id":"3023","target_id":"75252-1"},{"source_id":"75252-1","target_id":"2412b"},{"source_id":"2412b","target_id":"75252-1"},{"source_id":"75827-1","target_id":"3069b"},{"source_id":"3069b","target_id":"75827-1"},{"source_id":"75827-1","target_id":"3023"},{"source_id":"3023","target_id":"75827-1"},{"source_id":"75827-1","target_id":"3005"},{"source_id":"3005","target_id":"75827-1"},{"source_id":"75827-1","target_id":"3010"},{"source_id":"3010","target_id":"75827-1"},{"source_id":"75827-1","target_id":"3004"},{"source_id":"3004","target_id":"75827-1"},{"source_id":"40179-1","target_id":"3024"},{"source_id":"3024","target_id":"40179-1"},{"source_id":"40179-1","target_id":"4186"},{"source_id":"4186","target_id":"40179-1"},{"source_id":"40179-1","target_id":"96874"},{"source_id":"96874","target_id":"40179-1"},{"source_id":"10214-1","target_id":"3666"},{"source_id":"3666","target_id":"10214-1"},{"source_id":"10214-1","target_id":"3024"},{"source_id":"3024","target_id":"10214-1"},{"source_id":"10214-1","target_id":"3023"},{"source_id":"3023","target_id":"10214-1"},{"source_id":"10214-1","target_id":"54200"},{"source_id":"54200","target_id":"10214-1"},{"source_id":"10214-1","target_id":"3005"},{"source_id":"3005","target_id":"10214-1"},{"source_id":"10253-1","target_id":"3666"},{"source_id":"3666","target_id":"10253-1"},{"source_id":"10253-1","target_id":"3024"},{"source_id":"3024","target_id":"10253-1"},{"source_id":"10253-1","target_id":"3023"},{"source_id":"3023","target_id":"10253-1"},{"source_id":"10253-1","target_id":"32028"},{"source_id":"32028","target_id":"10253-1"},{"source_id":"10253-1","target_id":"3005"},{"source_id":"3005","target_id":"10253-1"},{"source_id":"10261-1","target_id":"87580"},{"source_id":"87580","target_id":"10261-1"},{"source_id":"10261-1","target_id":"92280"},{"source_id":"92280","target_id":"10261-1"},{"source_id":"10261-1","target_id":"3023"},{"source_id":"3023","target_id":"10261-1"},{"source_id":"10261-1","target_id":"14696"},{"source_id":"14696","target_id":"10261-1"},{"source_id":"10261-1","target_id":"3941"},{"source_id":"3941","target_id":"10261-1"},{"source_id":"42100-1","target_id":"2780"},{"source_id":"2780","target_id":"42100-1"},{"source_id":"42100-1","target_id":"11214"},{"source_id":"11214","target_id":"42100-1"},{"source_id":"42100-1","target_id":"6558"},{"source_id":"6558","target_id":"42100-1"},{"source_id":"42100-1","target_id":"43093"},{"source_id":"43093","target_id":"42100-1"},{"source_id":"42100-1","target_id":"3941"},{"source_id":"3941","target_id":"42100-1"},{"source_id":"71040-1","target_id":"3069b"},{"source_id":"3069b","target_id":"71040-1"},{"source_id":"71040-1","target_id":"15573"},{"source_id":"15573","target_id":"71040-1"},{"source_id":"71040-1","target_id":"3068b"},{"source_id":"3068b","target_id":"71040-1"},{"source_id":"71040-1","target_id":"6141"},{"source_id":"6141","target_id":"71040-1"},{"source_id":"71040-1","target_id":"3023"},{"source_id":"3023","target_id":"71040-1"},{"source_id":"42082-1","target_id":"2780"},{"source_id":"2780","target_id":"42082-1"},{"source_id":"42082-1","target_id":"32054"},{"source_id":"32054","target_id":"42082-1"},{"source_id":"42082-1","target_id":"6558"},{"source_id":"6558","target_id":"42082-1"},{"source_id":"42082-1","target_id":"32140"},{"source_id":"32140","target_id":"42082-1"},{"source_id":"42082-1","target_id":"43093"},{"source_id":"43093","target_id":"42082-1"},{"source_id":"75159-1","target_id":"6141"},{"source_id":"6141","target_id":"75159-1"},{"source_id":"75159-1","target_id":"3021"},{"source_id":"3021","target_id":"75159-1"},{"source_id":"75159-1","target_id":"3023"},{"source_id":"3023","target_id":"75159-1"},{"source_id":"75159-1","target_id":"3020"},{"source_id":"3020","target_id":"75159-1"},{"source_id":"75159-1","target_id":"3004"},{"source_id":"3004","target_id":"75159-1"},{"source_id":"10255-1","target_id":"3069b"},{"source_id":"3069b","target_id":"10255-1"},{"source_id":"10255-1","target_id":"15573"},{"source_id":"15573","target_id":"10255-1"},{"source_id":"10255-1","target_id":"3024"},{"source_id":"3024","target_id":"10255-1"},{"source_id":"10255-1","target_id":"3023"},{"source_id":"3023","target_id":"10255-1"},{"source_id":"10255-1","target_id":"3005"},{"source_id":"3005","target_id":"10255-1"}]},"overrides":{},"nodesShowingLabels":["2780","3004","3005","3023","3024","10256-1","10189-1","SWMP-1","2000409-1","75252-1","40179-1","10261-1","42100-1","42082-1"],"positions":{"2780":[-41.60769692854669,6.133194067104006],"2877":[-1.2998305817215494,29.067207101658674],"3004":[-39.96678270191922,-82.72615219732666],"3005":[22.42207753469678,4.370426396393325],"3010":[84.97633265387931,-66.74146422497797],"3020":[58.54826830382254,-19.641078648218087],"3021":[37.370129224494704,-5.053345188510561],"3023":[3.5364918968946863,-21.02036877698172],"3024":[15.323600970371817,-36.094262715391956],"3622":[-40.22759532717723,-66.55270130893393],"3666":[13.651935409967495,-79.55756667444132],"3710":[87.48383099448563,2.075433710183981],"3941":[-88.0659282686586,26.716584603535896],"4186":[157.41517360472847,-51.975085315814056],"4477":[49.3141340319234,-102.12505142240941],"6141":[63.69169850435613,-52.82211839474749],"6558":[-81.911612459805,-8.790392279578437],"11214":[-106.9079408284646,12.585075382489084],"14696":[-56.93564664810951,33.27032801039818],"15573":[-16.43804467730779,-35.53704086976284],"15712":[-35.940809548689955,-10.740668739279362],"32028":[-10.308604289159138,-75.65701375503943],"32054":[-92.77643140861012,-2.1608472829510554],"32140":[-90.11397311211577,-7.485763801026653],"43093":[-96.87252109552445,5.212114049769019],"54200":[37.33386418236012,-70.084795298751],"87580":[-49.56268521166367,37.98083108408045],"92280":[-40.14167893176067,39.00485349140268],"96874":[156.0221189710583,-60.612023923061166],"98138":[43.86928213310245,32.96669879196374],"BIGBOX-1":[45.169112714824,12.494367417862195],"75192-1":[-22.103074355591886,-11.737077678234208],"2412b":[-36.219420475423966,-22.44232749748506],"71043-1":[50.96709974832931,-57.31259906537629],"10256-1":[9.263823805080593,17.587824166432004],"3062b":[-14.298136398937078,23.542927207059854],"10189-1":[-6.8241105540381515,9.569748650133409],"SWMP-1":[98.94203480801016,-14.194728184949064],"3068b":[83.58327802020918,-9.347614125207254],"2000409-1":[61.85162573495478,-91.259225432647],"4495b":[68.07015335515119,-101.09641568287216],"3005pr0003":[59.51862655174022,-103.49084315414146],"10179-1":[51.05953631147313,-8.521446452377145],"70620-1":[-14.069738894717041,-54.361562851558205],"3069b":[30.101374348006228,-56.28641586340317],"75252-1":[-38.90805998133855,-39.05384058777474],"75827-1":[58.229749631935285,-34.818949765030325],"40179-1":[139.4867184364995,-52.287874408851074],"10214-1":[18.388321164446044,-68.13451883905005],"10253-1":[3.5364918968946863,-72.7415620414323],"10261-1":[-43.783817233463644,23.755873890455664],"42100-1":[-96.87252109552445,17.705187419100245],"71040-1":[76.06078299839093,-31.63648795036118],"42082-1":[-80.62838679417854,8.289033255870477],"75159-1":[43.4633045705088,-35.815651792577256],"10255-1":[40.11997344970038,-19.098996423712002]},"metadata":{"snapshotName":"Untitled Graph","fullNodes":56,"fullEdges":98,"nodeProperties":["id","degree","pagerank","node_id"],"nodeComputed":["pagerank","degree"],"edgeProperties":["source_id","target_id"]},"global":{"nodes":{"colorBy":"degree","color":{"scale":"Log Scale","from":"#0f0f0f","to":"#83e91e"},"sizeBy":"pagerank","size":{"min":2,"max":10.099999999999994,"scale":"Log Scale"},"labelBy":"degree","shape":"circle","labelSize":0.7,"labelLength":10}}}